"","domain","phylum","class","order","family","genus","species"
"ASV1","Fungi","Ascomycota","Dothideomycetes","Pleosporales","Pleosporaceae","Alternaria","Alternaria alternata"
"ASV3","Fungi","Ascomycota","Dothideomycetes","Pleosporales","Pleosporaceae","Epicoccum","Epicoccum sorghi"
"ASV16","Fungi","Ascomycota","Sordariomycetes","Hypocreales","Nectriaceae","Gibberella","Fusarium avenaceum"
"ASV17","Fungi","Ascomycota","Dothideomycetes","Capnodiales","Mycosphaerellaceae","Davidiella","Davidiella_tassiana|SH196750.06FU"
"ASV23","Fungi","Ascomycota","Sordariomycetes","Hypocreales","Nectriaceae","Gibberella","Ascomycota_sp|SH217298.06FU"
"ASV49","Fungi","Ascomycota","Dothideomycetes","Pleosporales","Pleosporaceae","Setosphaeria","Exserohilum rostratum"
"ASV66","Fungi","Ascomycota","Sordariomycetes","Sordariales","","",""
"ASV67","Fungi","Ascomycota","Dothideomycetes","Capnodiales","Mycosphaerellaceae","Davidiella","Davidiella macrospora"
"ASV68","Fungi","Ascomycota","Sordariomycetes","Trichosphaeriales","Trichosphaeriales_Incertae sedis","Sordariomycetes_unidentified_1","Sordariomycetes_sp|SH237076.06FU"
"ASV71","Fungi","Ascomycota","Sordariomycetes","","","",""
"ASV77","Fungi","Ascomycota","Dothideomycetes","Pleosporales","Pleosporales_Incertae sedis","Phoma","Phoma paspali"
"ASV79","Fungi","Ascomycota","Pezizomycetes","Pezizales","Pezizaceae","Pezizaceae_unidentified",""
"ASV82","Fungi","Ascomycota","Dothideomycetes","Pleosporales","Phaeosphaeriaceae","Phaeosphaeria",""
"ASV83","Fungi","Ascomycota","Dothideomycetes","Capnodiales","Mycosphaerellaceae","Mycosphaerella","Sphaerulina_pseudovirgaureae|SH212655.06FU"
"ASV89","Fungi","Ascomycota","Dothideomycetes","Dothideales","Dothioraceae","Kabatiella","Ascomycota_sp|SH219194.06FU"
"ASV94","Fungi","Ascomycota","Sordariomycetes","Hypocreales","Bionectriaceae","Bionectria","Bionectria epichloe"
"ASV100","Fungi","Ascomycota","Dothideomycetes","Pleosporales","Phaeosphaeriaceae","Pleosporales_unidentified_1","Pleosporales_sp|SH206992.06FU"
"ASV104","Fungi","","","","","",""
"ASV105","Fungi","Basidiomycota","Tremellomycetes","Tremellales","Tremellaceae","Cryptococcus","Cryptococcus magnus"
"ASV112","Fungi","Ascomycota","Sordariomycetes","Hypocreales","Nectriaceae","Gibberella","Fusarium equiseti"
"ASV113","Fungi","Ascomycota","Sordariomycetes","Hypocreales","Clavicipitaceae","Claviceps","Claviceps pusilla"
"ASV125","Fungi","Ascomycota","Sordariomycetes","Hypocreales","Nectriaceae","Gibberella",""
"ASV129","Fungi","Ascomycota","Dothideomycetes","Pleosporales","Phaeosphaeriaceae","Phaeosphaeria","Phaeosphaeria phragmitis"
"ASV131","Fungi","Ascomycota","Dothideomycetes","Pleosporales","Incertae_sedis_13","Letendraea","Letendraea_sp|SH203350.06FU"
"ASV136","Fungi","Zygomycota","Mucoromycotina_Incertae sedis","Mortierellales","Mortierellaceae","Mortierella","Mortierella alpina"
"ASV139","Fungi","Ascomycota","Pezizomycetes","Pezizales","Pezizaceae","Pachyphloeus","Pachyphloeus_sp|SH226680.06FU"
"ASV141","Fungi","Ascomycota","Agaricomycetes","Cantharellales","Ceratobasidiaceae","Thanatephorus","Thanatephorus_cucumeris|SH235414.06FU"
"ASV142","Fungi","Ascomycota","Dothideomycetes","Pleosporales","Phaeosphaeriaceae","Phaeosphaeria",""
"ASV144","Fungi","Basidiomycota","Agaricomycetes","","","",""
"ASV156","Fungi","Basidiomycota","Tremellomycetes","Tremellales","Tremellaceae","Cryptococcus","Cryptococcus chernovii"
"ASV159","Fungi","Ascomycota","Sordariomycetes","Hypocreales","Nectriaceae","Gibberella","Fusarium equiseti"
"ASV163","Fungi","Basidiomycota","Microbotryomycetes","Sporidiobolales","Sporidiobolales_Incertae sedis","Sporobolomyces","Sporobolomyces vermiculatus"
"ASV167","Fungi","Ascomycota","Dothideomycetes","Pleosporales","Phaeosphaeriaceae","Phaeosphaeriopsis","Phaeosphaeria oryzae"
"ASV169","Fungi","Ascomycota","Sordariomycetes","Sordariales","Chaetomiaceae","Humicola","Humicola fuscoatra"
"ASV172","Fungi","Ascomycota","Sordariomycetes","Sordariomycetidae_Incertae sedis","Glomerellaceae","Glomerella","Colletotrichum coccodes"
"ASV176","Fungi","Ascomycota","Dothideomycetes","Pleosporales","Pleosporaceae","Curvularia","Pleosporaceae_sp|SH224818.06FU"
"ASV181","Fungi","Ascomycota","Sordariomycetes","Hypocreales","","",""
"ASV184","Fungi","Ascomycota","Dothideomycetes","Pleosporales","Pleosporales_unidentified","Pleosporales_unidentified_1","Pleosporales_sp|SH238736.06FU"
"ASV185","Fungi","Ascomycota","Dothideomycetes","Pleosporales","Phaeosphaeriaceae","Neostagonospora","Neostagonospora_elegiae|SH206982.06FU"
"ASV193","Fungi","Ascomycota","Sordariomycetes","Sordariales","Lasiosphaeriaceae","Podospora","Podospora intestinacea"
"ASV194","Fungi","Basidiomycota","Agaricomycetes","Cantharellales","Ceratobasidiaceae","Ceratobasidium","Ceratobasidium_sp_JTO092|SH224054.06FU"
"ASV197","Fungi","Ascomycota","Dothideomycetes","Pleosporales","Phaeosphaeriaceae","Sclerostagonospora","Sclerostagonospora sp CBS 118152"
"ASV198","Fungi","Ascomycota","Dothideomycetes","Pleosporales","Phaeosphaeriaceae","Phaeosphaeriopsis","Phaeosphaeria oryzae"
"ASV204","Fungi","Basidiomycota","Agaricomycetes","Cantharellales","Ceratobasidiaceae","Ceratobasidium","Ceratobasidium sp AG_Bo"
"ASV225","Fungi","Ascomycota","Dothideomycetes","Pleosporales","Pleosporaceae","Cochliobolus","Bipolaris spicifera"
"ASV228","Fungi","Ascomycota","Dothideomycetes","Pleosporales","Pleosporales_unidentified","Pleosporales_unidentified_1","Pleosporales_sp|SH231238.06FU"
"ASV231","Fungi","Chytridiomycota","","","","",""
"ASV237","Fungi","Ascomycota","Dothideomycetes","Pleosporales","Pleosporaceae","Lewia","Alternaria_metachromatica|SH224792.06FU"
"ASV238","Fungi","Basidiomycota","Agaricomycetes","Agaricales","Psathyrellaceae","Coprinopsis",""
"ASV242","Fungi","Ascomycota","Sordariomycetes","Hypocreales","Hypocreales_Incertae sedis","Myrothecium","Myrothecium leucotrichum"
"ASV248","Fungi","Ascomycota","Sordariomycetes","Hypocreales","Bionectriaceae","Bionectria","Bionectria epichloe"
"ASV254","Fungi","Ascomycota","Pezizomycetes","Pezizales","Tuberaceae","Tuber","Tuber mexiusanum"
"ASV255","Fungi","Ascomycota","","","","",""
"ASV258","Fungi","","","","","",""
"ASV260","Fungi","Ascomycota","Dothideomycetes","Pleosporales","Pleosporales_unidentified","Pleosporales_unidentified_1","Pleosporales_sp|SH223798.06FU"
"ASV262","Fungi","Chytridiomycota","Chytridiomycetes","Rhizophlyctidales","Rhizophlyctidaceae","Rhizophlyctis",""
"ASV263","Fungi","Chytridiomycota","Chytridiomycetes","Rhizophlyctidales","Rhizophlyctidaceae","Rhizophlyctis","Rhizophlyctis_rosea|SH205068.06FU"
"ASV265","Fungi","Ascomycota","Sordariomycetes","Sordariales","Lasiosphaeriaceae","Podospora","Podospora tetraspora"
"ASV270","Fungi","","","","","",""
"ASV271","Fungi","Ascomycota","Dothideomycetes","Pleosporales","Incertae_sedis_16","Wojnowicia","Wojnowicia_viburni|SH207003.06FU"
"ASV272","Fungi","Basidiomycota","Ustilaginomycetes","Ustilaginales","Ustilaginaceae","Sporisorium",""
"ASV273","Fungi","Ascomycota","Dothideomycetes","Pleosporales","Phaeosphaeriaceae","Phaeosphaeriopsis","Phaeosphaeria oryzae"
"ASV280","Fungi","Ascomycota","Leotiomycetes","Helotiales","Helotiaceae","Articulospora","Articulospora_sp|SH191098.06FU"
"ASV282","Fungi","Basidiomycota","Microbotryomycetes","Sporidiobolales","Sporidiobolales_Incertae sedis","Sporobolomyces","Sporobolomyces gracilis"
"ASV283","Fungi","Ascomycota","Pezizomycetes","Pezizales","Pyronemataceae","",""
"ASV286","Fungi","Ascomycota","Dothideomycetes","Pleosporales","Phaeosphaeriaceae","Phaeosphaeriopsis","Phaeosphaeria oryzae"
"ASV293","Fungi","Basidiomycota","Tremellomycetes","Filobasidiales","Filobasidiaceae","Filobasidium","Filobasidium floriforme"
"ASV300","Fungi","Ascomycota","Sordariomycetes","Xylariales","","",""
"ASV301","Fungi","Ascomycota","Sordariomycetes","Trichosphaeriales","Trichosphaeriales_Incertae sedis","Nigrospora","Nigrospora sphaerica"
"ASV303","Fungi","Ascomycota","Sordariomycetes","","","",""
"ASV304","Fungi","Ascomycota","Dothideomycetes","Pleosporales","Phaeosphaeriaceae","Phaeosphaeriopsis","Phaeosphaeria oryzae"
"ASV306","Fungi","","","","","",""
"ASV309","Fungi","Chytridiomycota","Chytridiomycetes","Rhizophlyctidales","Rhizophlyctidaceae","Rhizophlyctis","Rhizophlyctis_rosea|SH229691.06FU"
"ASV314","Fungi","Ascomycota","Dothideomycetes","Ascomycota_unidentified_1","Ascomycota_unidentified_1","Ascomycota_unidentified_1_1","Ascomycota_sp|SH231237.06FU"
"ASV316","Fungi","Ascomycota","Dothideomycetes","Pleosporales","Sporormiaceae","Preussia","Preussia terricola"
"ASV328","Fungi","Ascomycota","Sordariomycetes","Trichosphaeriales","Trichosphaeriales_Incertae sedis","Incertae_sedis_26_unidentified",""
"ASV333","Fungi","Ascomycota","Dothideomycetes","Pleosporales","Incertae_sedis_16","Wojnowicia","Wojnowicia_viburni|SH207003.06FU"
"ASV338","Fungi","Ascomycota","Dothideomycetes","Pleosporales","Pleosporales_Incertae sedis","Letendraea","Letendraea helminthicola"
"ASV343","Fungi","Ascomycota","Dothideomycetes","Pleosporales","Phaeosphaeriaceae","Phaeosphaeria","Phaeosphaeria_sp|SH207014.06FU"
"ASV345","Fungi","Ascomycota","Pezizomycetes","Pezizales","Pezizaceae","Peziza",""
"ASV351","Fungi","Ascomycota","Sordariomycetes","Xylariales","","",""
"ASV352","Fungi","Basidiomycota","Microbotryomycetes","Sporidiobolales","Sporidiobolales_Incertae sedis","Sporobolomyces","Sporobolomyces vermiculatus"
"ASV365","Fungi","Ascomycota","Eurotiomycetes","Eurotiales","Trichocomaceae","Aspergillus","Aspergillus awamori"
"ASV369","Fungi","Ascomycota","Dothideomycetes","Pleosporales","Pleosporales_unidentified","Pleosporales_unidentified_1",""
"ASV370","Fungi","Ascomycota","Sordariomycetes","Trichosphaeriales","Trichosphaeriales_Incertae sedis","Khuskia","Nigrospora oryzae"
"ASV375","Fungi","Ascomycota","Sordariomycetes","Sordariales","Lasiosphaeriaceae","Podospora","Podospora intestinacea"
"ASV376","Fungi","Ascomycota","Dothideomycetes","Pleosporales","Pleosporaceae","Alternaria","Alternaria_sp|SH240080.06FU"
"ASV377","Fungi","Ascomycota","Sordariomycetes","Hypocreales","Hypocreales_unidentified","Hypocreales_unidentified_1",""
"ASV383","Fungi","Ascomycota","Dothideomycetes","Pleosporales","Sporormiaceae","Preussia","Sporormiaceae_sp|SH190469.06FU"
"ASV386","Fungi","Ascomycota","Dothideomycetes","Dothideales","Dothioraceae","Kabatiella","Aureobasidium_pullulans|SH206629.06FU"
"ASV393","Fungi","Ascomycota","Dothideomycetes","Pleosporales","Dothideomycetes_unidentified_1","Dothideomycetes_unidentified_1","Dothideomycetes_sp|SH196053.06FU"
"ASV399","Fungi","Ascomycota","Sordariomycetes","Xylariales","Amphisphaeriaceae","Truncatella","Truncatella angustata"
"ASV400","Fungi","Fungi_unidentified","Fungi_unidentified_1","Fungi_unidentified_1","Fungi_unidentified_1_1","Fungi_unidentified_1_1",""
"ASV405","Fungi","Ascomycota","Dothideomycetes","Pleosporales","Pleosporales_Incertae sedis","Dothideomycetes_unidentified_1","Dothideomycetes_sp|SH240074.06FU"
"ASV406","Fungi","Basidiomycota","Agaricomycetes","Sebacinales","Sebacinaceae","",""
"ASV407","Fungi","Ascomycota","","","","",""
"ASV410","Fungi","Ascomycota","Dothideomycetes","Pleosporales","Leptosphaeriaceae","Paraphoma","Paraphoma chrysanthemicola"
"ASV422","Fungi","Ascomycota","Sordariomycetes","","","",""
"ASV427","Fungi","Basidiomycota","Agaricomycetes","Thelephorales","Thelephoraceae","Tomentella",""
"ASV429","Fungi","Ascomycota","Sordariomycetes","Hypocreales","Bionectriaceae","Hydropisphaera",""
"ASV433","Fungi","Ascomycota","Sordariomycetes","Xylariales","","",""
"ASV442","Fungi","Ascomycota","Sordariomycetes","Hypocreales","Hypocreales_unidentified","Hypocreales_unidentified_1","Hypocreales_sp|SH195615.06FU"
"ASV448","Fungi","Basidiomycota","Agaricomycetes","Agaricales","Tricholomataceae","Clitocybe",""
"ASV464","Fungi","Ascomycota","Dothideomycetes","Pleosporales","Sporormiaceae","Preussia",""
"ASV473","Fungi","Basidiomycota","Tremellomycetes","Tremellales","","",""
"ASV482","Fungi","Ascomycota","Dothideomycetes","Pleosporales","Phaeosphaeriaceae","Phaeosphaeria","Phaeosphaeria_sp|SH207014.06FU"
"ASV487","Fungi","Ascomycota","Leotiomycetes","Helotiales","Helotiales_unidentified","Helotiales_unidentified_1","Helotiales_sp|SH191096.06FU"
"ASV495","Fungi","Ascomycota","Dothideomycetes","Botryosphaeriales","Botryosphaeriaceae","Botryosphaeria","Fusicoccum fabicercianum"
"ASV498","Fungi","Ascomycota","Sordariomycetes","","","",""
"ASV500","Fungi","Basidiomycota","Agaricomycetes","Boletales","Sclerodermataceae","Pisolithus","Pisolithus arhizus"
"ASV506","Fungi","Basidiomycota","Agaricomycetes","","","",""
"ASV508","Fungi","Ascomycota","Sordariomycetes","Xylariales","Xylariaceae","Xylaria",""
"ASV511","Fungi","Ascomycota","Dothideomycetes","Dothideomycetes_unidentified","Dothideomycetes_unidentified_1","Dothideomycetes_unidentified_1","Dothideomycetes_sp|SH190252.06FU"
"ASV512","Fungi","Ascomycota","Dothideomycetes","Pleosporales","Phaeosphaeriaceae","",""
"ASV513","Fungi","","","","","",""
"ASV526","Fungi","Fungi_unidentified","Fungi_unidentified_1","Fungi_unidentified_1","Fungi_unidentified_1_1","Fungi_unidentified_1_1","Fungi_sp|SH241025.06FU"
"ASV531","Fungi","Ascomycota","Dothideomycetes","","","",""
"ASV536","Fungi","Basidiomycota","Agaricomycetes","Agaricales","Psathyrellaceae","Coprinellus","Coprinellus sp 9 LGN_2011"
"ASV547","Fungi","Ascomycota","Sordariomycetes","Sordariales","Lasiosphaeriaceae","",""
"ASV555","Fungi","Basidiomycota","Agaricomycetes","Agaricales","Psathyrellaceae","Psathyrella",""
"ASV559","Fungi","Chytridiomycota","","","","",""
"ASV560","Fungi","Basidiomycota","Cystobasidiomycetes","Erythrobasidiales","Erythrobasidiales_Incertae sedis","Erythrobasidium","Sporobolomyces yunnanensis"
"ASV569","Fungi","Ascomycota","Eurotiomycetes","Onygenales","Onygenaceae","Aphanoascus","Aphanoascus verrucosus"
"ASV578","Fungi","Ascomycota","Dothideomycetes","Capnodiales","Mycosphaerellaceae","",""
"ASV582","Fungi","Ascomycota","Archaeorhizomycetes","","","",""
"ASV603","Fungi","Ascomycota","Sordariomycetes","Sordariomycetidae_Incertae sedis","Apiosporaceae","Arthrinium",""
"ASV606","Fungi","Ascomycota","Dothideomycetes","Pleosporales","Phaeosphaeriaceae","",""
"ASV608","Fungi","Zygomycota","Mucoromycotina_Incertae sedis","Mortierellales","Mortierellaceae","Mortierella",""
"ASV620","Fungi","Ascomycota","Sordariomycetes","Sordariales","Chaetomiaceae","",""
"ASV633","Fungi","Ascomycota","Dothideomycetes","Pleosporales","Phaeosphaeriaceae","",""
"ASV639","Fungi","Ascomycota","Dothideomycetes","Capnodiales","Teratosphaeriaceae","",""
"ASV644","Fungi","Chytridiomycota","Chytridiomycetes","","","",""
"ASV650","Fungi","Ascomycota","Sordariomycetes","Hypocreales","Hypocreales_Incertae sedis","Myrothecium",""
"ASV656","Fungi","Ascomycota","Dothideomycetes","","","",""
"ASV660","Fungi","Basidiomycota","Agaricomycetes","Cantharellales","Ceratobasidiaceae","Ceratobasidium",""
"ASV661","Fungi","Ascomycota","Sordariomycetes","","","",""
"ASV662","Fungi","Basidiomycota","Agaricomycetes","Agaricales","Inocybaceae","Inocybe",""
"ASV671","Fungi","Ascomycota","Eurotiomycetes","Chaetothyriales","Chaetothyriales_unidentified","Chaetothyriales_unidentified_1","Chaetothyriales_sp|SH213354.06FU"
"ASV681","Fungi","Basidiomycota","Agaricomycetes","","","",""
"ASV700","Fungi","Ascomycota","Sordariomycetes","Sordariales","Chaetomiaceae","Chaetomium","Chaetomium jodhpurense"
"ASV710","Fungi","Ascomycota","Dothideomycetes","Dothideomycetes_unidentified","Dothideomycetes_unidentified_1","Dothideomycetes_unidentified_1","Dothideomycetes_sp|SH232444.06FU"
"ASV716","Fungi","Ascomycota","Dothideomycetes","Capnodiales","Mycosphaerellaceae","Mycosphaerella","Sphaerulina_pseudovirgaureae|SH212655.06FU"
"ASV724","Fungi","Ascomycota","Sordariomycetes","Hypocreales","Hypocreaceae","Hypocrea","Hypocrea orientalis"
"ASV725","Fungi","Ascomycota","Dothideomycetes","Pleosporales","Phaeosphaeriaceae","Ascomycota_unidentified_1_1","Ascomycota_sp|SH207016.06FU"
"ASV732","Fungi","Ascomycota","Dothideomycetes","Pleosporales","Incertae_sedis_13","Phoma","Phoma_sp|SH207018.06FU"
"ASV743","Fungi","Basidiomycota","Agaricomycetes","Cantharellales","Ceratobasidiaceae","Ceratobasidium","Ceratobasidiaceae_sp|SH199622.06FU"
"ASV746","Fungi","Basidiomycota","Agaricomycetes","Agaricales","Marasmiaceae","Calyptella","Calyptella capula"
"ASV759","Fungi","Ascomycota","Sordariomycetes","Xylariales","Xylariales_Incertae sedis","Phomatospora","Dinemasporium strigosum"
"ASV761","Fungi","Basidiomycota","Tremellomycetes","Tremellales","Tremellales_Incertae sedis","Dioszegia",""
"ASV762","Fungi","Ascomycota","Dothideomycetes","Pleosporales","Dothideomycetes_unidentified_1","Dothideomycetes_unidentified_1","Dothideomycetes_sp|SH206996.06FU"
"ASV768","Fungi","Ascomycota","Sordariomycetes","Sordariales","Lasiosphaeriaceae","Cladorrhinum","Cladorrhinum bulbillosum"
"ASV772","Fungi","Basidiomycota","Tremellomycetes","Filobasidiales","Filobasidiales_unidentified","Filobasidiales_unidentified_1","Filobasidiales_sp|SH216507.06FU"
"ASV782","Fungi","Ascomycota","Sordariomycetes","Sordariomycetes_unidentified","Sordariomycetes_unidentified_1","Sordariomycetes_unidentified_1","Sordariomycetes_sp|SH213465.06FU"
"ASV789","Fungi","Ascomycota","Ascomycota_unidentified","Ascomycota_unidentified_1","Ascomycota_unidentified_1","Ascomycota_unidentified_1_1","Ascomycota_sp|SH191097.06FU"
"ASV791","Fungi","Ascomycota","Dothideomycetes","Capnodiales","Capnodiales_unidentified","Capnodiales_unidentified_1","Capnodiales_sp|SH213804.06FU"
"ASV804","Fungi","Ascomycota","Sordariomycetes","","","",""
"ASV805","Fungi","Basidiomycota","Agaricomycetes","Agaricales","Marasmiaceae","Marasmius","Marasmius haematocephalus"
"ASV821","Fungi","Basidiomycota","Tremellomycetes","Tremellales","Tremellaceae","Cryptococcus","Cryptococcus podzolicus"
"ASV831","Fungi","Ascomycota","Dothideomycetes","Pleosporales","Pleosporales_unidentified","Pleosporales_unidentified_1","Pleosporales_sp|SH232020.06FU"
"ASV836","Fungi","","","","","",""
"ASV856","Fungi","Chytridiomycota","Chytridiomycetes","Rhizophlyctidales","Rhizophlyctidaceae","Rhizophlyctis","Rhizophlyctis rosea"
"ASV857","Fungi","Fungi_unidentified","Fungi_unidentified_1","Fungi_unidentified_1","Fungi_unidentified_1_1","Fungi_unidentified_1_1","Fungi_sp|SH239974.06FU"
"ASV861","Fungi","Ascomycota","Sordariomycetes","Sordariales","Ascomycota_unidentified_1","Ascomycota_unidentified_1_1","Ascomycota_sp|SH240716.06FU"
"ASV862","Fungi","Basidiomycota","Agaricomycetes","Boletales","Melanogastraceae","Melanogaster","Melanogastraceae_sp|SH238254.06FU"
"ASV863","Fungi","Basidiomycota","","","","",""
"ASV867","Fungi","Ascomycota","Sordariomycetes","Hypocreales","Hypocreales_Incertae sedis","Myrothecium",""
"ASV868","Fungi","Ascomycota","Sordariomycetes","Sordariales","Lasiosphaeriaceae","Podospora","Podospora communis"
"ASV869","Fungi","Ascomycota","","","","",""
"ASV870","Fungi","Ascomycota","Dothideomycetes","Pleosporales","Incertae_sedis_13","Pyrenochaeta",""
"ASV877","Fungi","Ascomycota","Sordariomycetes","","","",""
"ASV904","Fungi","Ascomycota","","","","",""
"ASV911","Fungi","Ascomycota","","","","",""
"ASV916","Fungi","Ascomycota","Ascomycota_unidentified","Ascomycota_unidentified_1","Ascomycota_unidentified_1","Ascomycota_unidentified_1_1","Ascomycota_sp|SH234925.06FU"
"ASV925","Fungi","Ascomycota","Dothideomycetes","Pleosporales","","",""
"ASV927","Fungi","Zygomycota","Mucoromycotina_Incertae sedis","Mortierellales","Mortierellaceae","Mortierella","Mortierella elongata"
"ASV929","Fungi","Ascomycota","Eurotiomycetes","Eurotiales","Trichocomaceae","Eurotium","Aspergillus_cibarius|SH236881.06FU"
"ASV930","Fungi","Ascomycota","Dothideomycetes","Myriangiales","Elsinoaceae","Sphaceloma","Sphaceloma asclepiadis"
"ASV932","Fungi","Ascomycota","Ascomycota_unidentified","Ascomycota_unidentified_1","Ascomycota_unidentified_1","Ascomycota_unidentified_1_1","Ascomycota_sp|SH241024.06FU"
"ASV940","Fungi","Ascomycota","Fungi_unidentified_1","Fungi_unidentified_1","Fungi_unidentified_1_1","Fungi_unidentified_1_1","Fungi_sp|SH223600.06FU"
"ASV942","Fungi","Chytridiomycota","Chytridiomycetes","Rhizophlyctidales","Rhizophlyctidaceae","Rhizophlyctis","Rhizophlyctis rosea"
"ASV954","Fungi","Basidiomycota","Tremellomycetes","Tremellales","Incertae_sedis_12","Cryptococcus_1","Cryptococcus_perniciosus|SH229459.06FU"
"ASV963","Fungi","Ascomycota","Sordariomycetes","Xylariales","Amphisphaeriaceae","Pestalotiopsis","Pestalotiopsis aquatica"
"ASV969","Fungi","Ascomycota","Dothideomycetes","Dothideales","Dothioraceae","Kabatiella","Ascomycota_sp|SH219194.06FU"
"ASV973","Fungi","Ascomycota","Pezizomycotina_Incertae sedis","Pezizomycotina_Incertae sedis","Pezizomycotina_Incertae sedis","Knufia",""
"ASV984","Fungi","Ascomycota","Sordariomycetes","Xylariales","Amphisphaeriaceae","Pestalotiopsis","Pestalotiopsis_rhododendri|SH210426.06FU"
"ASV993","Fungi","Ascomycota","Dothideomycetes","Pleosporales","Pleosporaceae","Lewia","Alternaria arbusti"
"ASV1005","Fungi","Ascomycota","Sordariomycetes","Hypocreales","Hypocreales_unidentified","Hypocreales_unidentified_1",""
"ASV1008","Fungi","Ascomycota","Sordariomycetes","Hypocreales","Hypocreaceae","Hypocrea","Trichoderma_viride|SH222750.06FU"
"ASV1009","Fungi","Ascomycota","Dothideomycetes","Pleosporales","Phaeosphaeriaceae","Phaeosphaeria","Phaeosphaeria_sp|SH207014.06FU"
"ASV1011","Fungi","Ascomycota","Dothideomycetes","Pleosporales","Phaeosphaeriaceae","",""
"ASV1021","Fungi","Ascomycota","","","","",""
"ASV1024","Fungi","Ascomycota","Sordariomycetes","Xylariales","Xylariales_Incertae sedis","Monosporascus","Monosporascus cannonballus"
"ASV1026","Fungi","Ascomycota","Dothideomycetes","","","",""
"ASV1028","Fungi","Basidiomycota","Agaricomycetes","Thelephorales","Thelephoraceae","Tomentella","Tomentella ferruginea"
"ASV1033","Fungi","Ascomycota","Sordariomycetes","Sordariales","Sordariaceae","Neurospora","Sordariaceae_sp|SH213056.06FU"
"ASV1035","Fungi","Ascomycota","","","","",""
"ASV1036","Fungi","Ascomycota","Pezizomycotina_Incertae sedis","Pezizomycotina_Incertae sedis","Pezizomycotina_Incertae sedis","Phaeoisaria","Phaeoisaria clematidis"
"ASV1042","Fungi","","","","","",""
"ASV1043","Fungi","Ascomycota","Ascomycota_unidentified","Ascomycota_unidentified_1","Ascomycota_unidentified_1","Ascomycota_unidentified_1_1","Ascomycota_sp|SH191099.06FU"
"ASV1047","Fungi","Ascomycota","Leotiomycetes","Helotiales","","",""
"ASV1051","Fungi","Ascomycota","Pezizomycetes","Pezizales","Pyronemataceae","Pyronemataceae_unidentified","Pyronemataceae_sp|SH226418.06FU"
"ASV1059","Fungi","Ascomycota","Pezizomycotina_Incertae sedis","Pezizomycotina_Incertae sedis","Pezizomycotina_Incertae sedis","Scolecobasidium","Scolecobasidium terreum"
"ASV1070","Fungi","Ascomycota","Pezizomycetes","Pezizomycetes_unidentified","Pezizomycetes_unidentified_1","Pezizomycetes_unidentified_1","Pezizomycetes_sp|SH212994.06FU"
"ASV1073","Fungi","","","","","",""
"ASV1097","Fungi","Ascomycota","Sordariomycetes","Xylariales","Amphisphaeriaceae","Pestalotiopsis","Pestalotiopsis_rhododendri|SH210426.06FU"
"ASV1106","Fungi","Chytridiomycota","Chytridiomycota_unidentified","Chytridiomycota_unidentified_1","Chytridiomycota_unidentified_1","Chytridiomycota_unidentified_1_1",""
"ASV1108","Fungi","Chytridiomycota","","","","",""
"ASV1113","Fungi","Ascomycota","Dothideomycetes","","","",""
"ASV1116","Fungi","","","","","",""
"ASV1125","Fungi","Ascomycota","Dothideomycetes","Pleosporales","Phaeosphaeriaceae","Pleosporales_unidentified_1","Pleosporales_sp|SH206986.06FU"
"ASV1136","Fungi","Ascomycota","Sordariomycetes","Sordariales","","",""
"ASV1139","Fungi","Ascomycota","Dothideomycetes","Dothideomycetes_unidentified","Dothideomycetes_unidentified_1","Dothideomycetes_unidentified_1","Dothideomycetes_sp|SH232444.06FU"
"ASV1168","Fungi","Ascomycota","Dothideomycetes","Pleosporales","Phaeosphaeriaceae","Phaeosphaeriopsis","Phaeosphaeria oryzae"
"ASV1171","Fungi","Fungi_unidentified","Fungi_unidentified_1","Fungi_unidentified_1","Fungi_unidentified_1_1","Fungi_unidentified_1_1","Fungi_sp|SH239608.06FU"
"ASV1173","Fungi","Basidiomycota","Agaricomycetes","Polyporales","Meripilaceae","Rigidoporus","Oxyporus corticola"
"ASV1179","Fungi","Chytridiomycota","Chytridiomycetes","Rhizophlyctidales","Rhizophlyctidaceae","Rhizophlyctis",""
"ASV1188","Fungi","","","","","",""
"ASV1191","Fungi","","","","","",""
"ASV1210","Fungi","Ascomycota","Sordariomycetes","Hypocreales","Hypocreales_unidentified","Hypocreales_unidentified_1","Hypocreales_sp|SH195615.06FU"
"ASV1223","Fungi","Basidiomycota","Ustilaginomycotina_Incertae sedis","Malasseziales","Malasseziales_Incertae sedis","Malassezia","Malassezia globosa"
"ASV1235","Fungi","Ascomycota","Archaeorhizomycetes","","","",""
"ASV1241","Fungi","Ascomycota","","","","",""
"ASV1242","Fungi","Ascomycota","Dothideomycetes","Pleosporales","Phaeosphaeriaceae","",""
"ASV1249","Fungi","Ascomycota","Sordariomycetes","Sordariales","","",""
"ASV1255","Fungi","Ascomycota","Sordariomycetes","Hypocreales","Hypocreales_Incertae sedis","Myrothecium","Myrothecium roridum"
"ASV1270","Fungi","Ascomycota","","","","",""
"ASV1278","Fungi","Fungi_unidentified","Fungi_unidentified_1","Fungi_unidentified_1","Fungi_unidentified_1_1","Fungi_unidentified_1_1","Fungi_sp|SH226963.06FU"
"ASV1287","Fungi","Ascomycota","Eurotiomycetes","Onygenales","Onygenales_unidentified","Onygenales_unidentified_1","Onygenales_sp|SH214150.06FU"
"ASV1290","Fungi","Ascomycota","Sordariomycetes","Hypocreales","Hypocreales_Incertae sedis","Myrothecium","Myrothecium gramineum"
"ASV1291","Fungi","Ascomycota","Eurotiomycetes","Eurotiales","Trichocomaceae","Paecilomyces","Paecilomyces marquandii"
"ASV1315","Fungi","Ascomycota","Sordariomycetes","Sordariales","Lasiosphaeriaceae","Podospora","Podospora intestinacea"
"ASV1324","Fungi","Ascomycota","Dothideomycetes","Pleosporales","Incertae_sedis_13","Neophaeosphaeria","Neophaeosphaeria_sp|SH227214.06FU"
"ASV1338","Fungi","Fungi_unidentified","Fungi_unidentified_1","Fungi_unidentified_1","Fungi_unidentified_1_1","Fungi_unidentified_1_1","Fungi_sp|SH224388.06FU"
"ASV1379","Fungi","Ascomycota","Sordariomycetes","Trichosphaeriales","Trichosphaeriales_Incertae sedis","Khuskia","Nigrospora oryzae"
"ASV1387","Fungi","","","","","",""
"ASV1399","Fungi","Ascomycota","","","","",""
"ASV1409","Fungi","Ascomycota","Orbiliomycetes","Orbiliales","Orbiliaceae","Arthrobotrys",""
"ASV1412","Fungi","Chytridiomycota","","","","",""
"ASV1413","Fungi","","","","","",""
"ASV1417","Fungi","Ascomycota","Sordariomycetes","Sordariales","Sordariales_unidentified","Sordariales_unidentified_1","Sordariales_sp|SH198732.06FU"
"ASV1418","Fungi","Ascomycota","Sordariomycetes","Diaporthales","Togniniaceae","Phaeoacremonium","Phaeoacremonium parasiticum"
"ASV1427","Fungi","Basidiomycota","Agaricomycetes","Cantharellales","Tulasnellaceae","Tulasnellaceae_unidentified","Tulasnellaceae_sp|SH203539.06FU"
"ASV1429","Fungi","Ascomycota","","","","",""
"ASV1433","Fungi","","","","","",""
"ASV1442","Fungi","Ascomycota","Sordariomycetes","Sordariales","","",""
"ASV1453","Fungi","Ascomycota","","","","",""
"ASV1466","Fungi","Basidiomycota","Agaricomycetes","","","",""
"ASV1475","Fungi","Ascomycota","Sordariomycetes","Sordariales","Lasiosphaeriaceae","Zopfiella","Zopfiella_marina|SH234927.06FU"
"ASV1503","Fungi","Chytridiomycota","Chytridiomycetes","Rhizophlyctidales","Rhizophlyctidaceae","Rhizophlyctis","Rhizophlyctis rosea"
"ASV1507","Fungi","Basidiomycota","Agaricomycetes","","","",""
"ASV1511","Fungi","Chytridiomycota","Chytridiomycetes","Rhizophlyctidales","Rhizophlyctidaceae","Rhizophlyctis","Rhizophlyctis rosea"
"ASV1527","Fungi","Ascomycota","Leotiomycetes","Helotiales","Helotiaceae","Articulospora","Articulospora_sp|SH191098.06FU"
"ASV1538","Fungi","Ascomycota","Dothideomycetes","Pleosporales","Ascomycota_unidentified_1","Ascomycota_unidentified_1_1","Ascomycota_sp|SH229315.06FU"
"ASV1547","Fungi","Ascomycota","Ascomycota_unidentified","Ascomycota_unidentified_1","Ascomycota_unidentified_1","Ascomycota_unidentified_1_1","Ascomycota_sp|SH226961.06FU"
"ASV1549","Fungi","Ascomycota","Dothideomycetes","Pleosporales","Pleosporaceae","Edenia","Edenia gomezpompae"
"ASV1567","Fungi","","","","","",""
"ASV1569","Fungi","Ascomycota","Pezizomycetes","Pezizomycetes_unidentified","Pezizomycetes_unidentified_1","Pezizomycetes_unidentified_1","Pezizomycetes_sp|SH212017.06FU"
"ASV1594","Fungi","Ascomycota","Sordariomycetes","","","",""
"ASV1619","Fungi","Ascomycota","","","","",""
"ASV1626","Fungi","Basidiomycota","Agaricomycetes","Boletales","Sclerodermataceae","Pisolithus","Pisolithus arhizus"
"ASV1633","Fungi","","","","","",""
"ASV1639","Fungi","Chytridiomycota","Chytridiomycetes","Spizellomycetales","Spizellomycetaceae","Powellomyces","Powellomyces_sp_EA|SH206807.06FU"
"ASV1669","Fungi","Ascomycota","Dothideomycetes","Pleosporales","","",""
"ASV1684","Fungi","Basidiomycota","Tremellomycetes","Tremellales","Tremellales_Incertae sedis","Dioszegia","Dioszegia catarinonii"
"ASV1702","Fungi","","","","","",""
"ASV1704","Fungi","Basidiomycota","Tremellomycetes","Filobasidiales","Filobasidiaceae","Filobasidium","Filobasidium floriforme"
"ASV1710","Fungi","Chytridiomycota","Chytridiomycetes","Spizellomycetales","Spizellomycetaceae","Spizellomyces","Spizellomyces dolichospermus"
"ASV1730","Fungi","Ascomycota","Sordariomycetes","Hypocreales","Hypocreales_unidentified","Hypocreales_unidentified_1","Hypocreales_sp|SH223288.06FU"
"ASV1741","Fungi","Basidiomycota","","","","",""
"ASV1744","Fungi","Ascomycota","","","","",""
"ASV1748","Fungi","","","","","",""
"ASV1755","Fungi","Chytridiomycota","Chytridiomycetes","Rhizophlyctidales","Rhizophlyctidaceae","Rhizophlyctis","Rhizophlyctis rosea"
"ASV1766","Fungi","Ascomycota","Agaricomycetes","Cantharellales","Ceratobasidiaceae","Thanatephorus","Thanatephorus_cucumeris|SH235414.06FU"
"ASV1772","Fungi","Ascomycota","Dothideomycetes","","","",""
"ASV1812","Fungi","Ascomycota","Dothideomycetes","Dothideomycetes_unidentified","Dothideomycetes_unidentified_1","Dothideomycetes_unidentified_1","Dothideomycetes_sp|SH196053.06FU"
"ASV1814","Fungi","Zygomycota","Mucoromycotina_Incertae sedis","Mortierellales","Mortierellaceae","Mortierella","Mortierella epigama"
"ASV1818","Fungi","Basidiomycota","Agaricomycetes","Agaricales","Entolomataceae","Clitopilus","Clitopilus scyphoides"
"ASV1826","Fungi","Ascomycota","Pezizomycotina_Incertae sedis","Pezizomycotina_Incertae sedis","Pezizomycotina_Incertae sedis","",""
"ASV1829","Fungi","Ascomycota","Dothideomycetes","Pleosporales","","",""
"ASV1845","Fungi","Ascomycota","Sordariomycetes","","","",""
"ASV1864","Fungi","Ascomycota","","","","",""
"ASV1867","Fungi","Ascomycota","Dothideomycetes","Capnodiales","","",""
"ASV1870","Fungi","Basidiomycota","Tremellomycetes","Tremellales","Tremellales_Incertae sedis","Bulleromyces","Bulleromyces_albus|SH234350.06FU"
"ASV1876","Fungi","Ascomycota","Dothideomycetes","Pleosporales","Phaeosphaeriaceae","Phaeosphaeria","cf_Phaeosphaeria_sp_CPC_12130|SH231532.06FU"
"ASV1881","Fungi","Basidiomycota","Agaricomycetes","Agaricales","","",""
"ASV1900","Fungi","Ascomycota","","","","",""
"ASV1911","Fungi","Basidiomycota","Tremellomycetes","Tremellales","Incertae_sedis_12","",""
"ASV1949","Fungi","Ascomycota","Sordariomycetes","Sordariales","","",""
"ASV1952","Fungi","Ascomycota","Dothideomycetes","Pleosporales","Sporormiaceae","Preussia","Preussia terricola"
"ASV2008","Fungi","","","","","",""
"ASV2012","Fungi","","","","","",""
"ASV2018","Fungi","Basidiomycota","Agaricomycetes","Sebacinales","Sebacinales_unidentified","Sebacinales_unidentified_1","Sebacinales_sp|SH210227.06FU"
"ASV2026","Fungi","Basidiomycota","Ustilaginomycotina_Incertae sedis","Malasseziales","Malasseziales_Incertae sedis","Malassezia","Malassezia restricta"
"ASV2032","Fungi","Ascomycota","Eurotiomycetes","Chaetothyriales","Herpotrichiellaceae","Phialophora","Phialophora verrucosa"
"ASV2057","Fungi","","","","","",""
"ASV2068","Fungi","Ascomycota","","","","",""
"ASV2069","Fungi","","","","","",""
"ASV2071","Fungi","Basidiomycota","Agaricomycetes","Polyporales","Meripilaceae","Rigidoporus","Oxyporus corticola"
"ASV2087","Fungi","Ascomycota","Dothideomycetes","Capnodiales","Teratosphaeriaceae","Teratosphaeria","Teratosphaeria bellula"
"ASV2088","Fungi","","","","","",""
"ASV2110","Fungi","","","","","",""
"ASV2115","Fungi","Ascomycota","Orbiliomycetes","Orbiliales","Orbiliaceae","",""
"ASV2123","Fungi","Basidiomycota","Agaricomycetes","Cantharellales","Tulasnellaceae","Tulasnellaceae_unidentified",""
"ASV2136","Fungi","","","","","",""
"ASV2140","Fungi","Ascomycota","","","","",""
"ASV2141","Fungi","Basidiomycota","Tremellomycetes","Tremellales","Tremellaceae","Cryptococcus","Cryptococcus aerius"
"ASV2147","Fungi","","","","","",""
"ASV2149","Fungi","Ascomycota","Dothideomycetes","Pleosporales","Phaeosphaeriaceae","Phaeosphaeria","cf_Phaeosphaeria_sp_CPC_12130|SH231532.06FU"
"ASV2160","Fungi","Ascomycota","Dothideomycetes","Pleosporales","Sporormiaceae","Preussia",""
"ASV2169","Fungi","Basidiomycota","Agaricomycetes","","","",""
"ASV2181","Fungi","Ascomycota","Dothideomycetes","Fungi_unidentified_1","Fungi_unidentified_1_1","Fungi_unidentified_1_1","Fungi_sp|SH227807.06FU"
"ASV2193","Fungi","","","","","",""
"ASV2203","Fungi","","","","","",""
"ASV2207","Fungi","Ascomycota","Sordariomycetes","Hypocreales","Hypocreales_unidentified","Hypocreales_unidentified_1",""
"ASV2227","Fungi","Ascomycota","Sordariomycetes","Hypocreales","Ophiocordycipitaceae","Hirsutella","Hirsutella minnesotensis"
"ASV2230","Fungi","Fungi_unidentified","Fungi_unidentified_1","Fungi_unidentified_1","Fungi_unidentified_1_1","Fungi_unidentified_1_1","Fungi_sp|SH239608.06FU"
"ASV2241","Fungi","Ascomycota","Eurotiomycetes","Chaetothyriales","Herpotrichiellaceae","Herpotrichiellaceae_unidentified","Herpotrichiellaceae_sp|SH211543.06FU"
"ASV2251","Fungi","Basidiomycota","","","","",""
"ASV2274","Fungi","Ascomycota","","","","",""
"ASV2301","Fungi","Ascomycota","Sordariomycetes","Xylariales","Amphisphaeriaceae","Pestalotiopsis","Pestalotiopsis karstenii"
"ASV2319","Fungi","","","","","",""
"ASV2322","Fungi","Ascomycota","","","","",""
"ASV2334","Fungi","Ascomycota","","","","",""
"ASV2362","Fungi","Chytridiomycota","Chytridiomycetes","Rhizophlyctidales","Rhizophlyctidaceae","Rhizophlyctis","Rhizophlyctis rosea"
"ASV2367","Fungi","Ascomycota","Sordariomycetes","Sordariales","Lasiosphaeriaceae","Cladorrhinum","Cladorrhinum_sp|SH223697.06FU"
"ASV2382","Fungi","Ascomycota","","","","",""
"ASV2404","Fungi","Ascomycota","Dothideomycetes","Botryosphaeriales","Aplosporellaceae","Aplosporella","Aplosporella_sp|SH226561.06FU"
"ASV2427","Fungi","Basidiomycota","Agaricomycetes","","","",""
"ASV2433","Fungi","Zygomycota","Mucoromycotina_Incertae sedis","Mortierellales","Mortierellaceae","Mortierella",""
"ASV2452","Fungi","Ascomycota","Eurotiomycetes","Incertae_sedis_18","Incertae_sedis_40","Sarcinomyces",""
"ASV2483","Fungi","Ascomycota","Eurotiomycetes","Chaetothyriales","","",""
"ASV2508","Fungi","Ascomycota","Dothideomycetes","Capnodiales","Mycosphaerellaceae","Dissoconium","Dissoconium_proteae|SH197939.06FU"
"ASV2525","Fungi","","","","","",""
"ASV2535","Fungi","Basidiomycota","Agaricomycetes","Agaricales","Bolbitiaceae","Conocybe","Conocybe rickenii"
"ASV2547","Fungi","Basidiomycota","Agaricomycetes","Agaricales","Entolomataceae","Clitopilus","Clitopilus scyphoides"
"ASV2584","Fungi","Ascomycota","Saccharomycetes","Saccharomycetales","Debaryomycetaceae","Meyerozyma","Meyerozyma caribbica"
"ASV2605","Fungi","Ascomycota","","","","",""
"ASV2629","Fungi","Chytridiomycota","","","","",""
"ASV2637","Fungi","","","","","",""
"ASV2647","Fungi","Ascomycota","Dothideomycetes","Pleosporales","Montagnulaceae","Paraphaeosphaeria","Paraphaeosphaeria michotii"
"ASV2658","Fungi","Basidiomycota","Agaricomycetes","","","",""
"ASV2665","Fungi","","","","","",""
"ASV2711","Fungi","Chytridiomycota","Chytridiomycetes","Rhizophlyctidales","Rhizophlyctidaceae","Rhizophlyctis","Rhizophlyctis rosea"
"ASV2748","Fungi","","","","","",""
"ASV2778","Fungi","","","","","",""
"ASV2792","Fungi","","","","","",""
"ASV2796","Fungi","Ascomycota","Sordariomycetes","Xylariales","","",""
"ASV2801","Fungi","","","","","",""
"ASV2813","Fungi","","","","","",""
"ASV2855","Fungi","Ascomycota","Dothideomycetes","Capnodiales","Capnodiaceae","Capnodium","Capnodium coffeae"
"ASV2872","Fungi","Basidiomycota","Agaricomycetes","Agaricales","Psathyrellaceae","Parasola",""
"ASV2873","Fungi","Ascomycota","","","","",""
"ASV2894","Fungi","Ascomycota","Sordariomycetes","Xylariales","Sordariomycetes_unidentified_1","Sordariomycetes_unidentified_1","Sordariomycetes_sp|SH200621.06FU"
"ASV2927","Fungi","Ascomycota","","","","",""
"ASV2993","Fungi","Ascomycota","Sordariomycetes","Hypocreales","Hypocreales_unidentified","Hypocreales_unidentified_1",""
"ASV3006","Fungi","","","","","",""
"ASV3025","Fungi","","","","","",""
"ASV3049","Fungi","","","","","",""
"ASV3062","Fungi","Zygomycota","Entomophthoromycotina_Incertae sedis","Entomophthorales","Basidiobolaceae","Basidiobolus","Basidiobolus haptosporus"
"ASV3102","Fungi","Ascomycota","Dothideomycetes","Capnodiales","","",""
"ASV3181","Fungi","Ascomycota","Dothideomycetes","Pleosporales","Phaeosphaeriaceae","Phaeosphaeriopsis","Phaeosphaeria oryzae"
"ASV3190","Fungi","Chytridiomycota","Chytridiomycota_unidentified","Chytridiomycota_unidentified_1","Chytridiomycota_unidentified_1","Chytridiomycota_unidentified_1_1","Chytridiomycota_sp|SH229534.06FU"
"ASV3199","Fungi","Chytridiomycota","","","","",""
"ASV3222","Fungi","Ascomycota","Sordariomycetes","Hypocreales","Hypocreaceae","Hypocrea","Hypocrea lixii"
"ASV3235","Fungi","Zygomycota","Mucoromycotina_Incertae sedis","Mortierellales","Mortierellaceae","Mortierella",""
"ASV3274","Fungi","Zygomycota","Entomophthoromycotina_Incertae sedis","Entomophthorales","Basidiobolaceae","Basidiobolus","Basidiobolus magnus"
"ASV3310","Fungi","Basidiomycota","","","","",""
"ASV3329","Fungi","Basidiomycota","Agaricomycetes","","","",""
"ASV3378","Fungi","","","","","",""
"ASV3392","Fungi","Basidiomycota","Agaricomycetes","Agaricales","Pluteaceae","Volvariella",""
"ASV3405","Fungi","Basidiomycota","Tremellomycetes","Tremellales","Incertae_sedis_12","Cryptococcus_1","Cryptococcus_sp|SH226566.06FU"
"ASV3458","Fungi","","","","","",""
"ASV3468","Fungi","","","","","",""
"ASV3474","Fungi","Basidiomycota","Agaricomycetes","Cantharellales","Tulasnellaceae","Tulasnellaceae_unidentified","Tulasnellaceae_sp|SH203545.06FU"
"ASV3596","Fungi","Ascomycota","Dothideomycetes","Dothideales","Dothioraceae","Kabatiella","Kabatiella bupleuri"
"ASV3613","Fungi","","","","","",""
"ASV3624","Fungi","Basidiomycota","Ustilaginomycetes","Ustilaginales","Ustilaginaceae","Pseudozyma","Pseudozyma_sp_Vega417|SH241684.06FU"
"ASV3626","Fungi","Basidiomycota","Agaricomycetes","Polyporales","Steccherinaceae","Irpex","Irpex lacteus"
"ASV3637","Fungi","","","","","",""
"ASV3652","Fungi","Ascomycota","Pezizomycetes","Pezizales","Pyronemataceae","Micronematobotrys","Micronematobotrys_sp|SH234092.06FU"
"ASV3798","Fungi","","","","","",""
"ASV3827","Fungi","Ascomycota","Dothideomycetes","Pleosporales","Sporormiaceae","",""
"ASV3841","Fungi","Chytridiomycota","Chytridiomycetes","Rhizophlyctidales","Rhizophlyctidaceae","Rhizophlyctis",""
"ASV3882","Fungi","Ascomycota","Dothideomycetes","Capnodiales","Capnodiales_unidentified","Capnodiales_unidentified_1",""
"ASV3909","Fungi","Ascomycota","Saccharomycetes","Saccharomycetales","Pichiaceae","Pichia","Pichia jadinii"
"ASV3943","Fungi","Basidiomycota","Agaricostilbomycetes","Agaricostilbales","Agaricostilbaceae","Bensingtonia","Bensingtonia phyllada"
"ASV3981","Fungi","Ascomycota","Sordariomycetes","","","",""
"ASV3992","Fungi","","","","","",""
"ASV4010","Fungi","","","","","",""
"ASV4054","Fungi","","","","","",""
"ASV4064","Fungi","Basidiomycota","Tremellomycetes","Tremellales","Tremellales_Incertae sedis","Dioszegia",""
"ASV4079","Fungi","","","","","",""
"ASV4101","Fungi","Ascomycota","Dothideomycetes","Pleosporales","Pleosporales_unidentified","Pleosporales_unidentified_1","Pleosporales_sp|SH238736.06FU"
"ASV4143","Fungi","","","","","",""
"ASV4181","Fungi","Basidiomycota","Agaricomycetes","Cantharellales","Ceratobasidiaceae","Thanatephorus","Thanatephorus_cucumeris|SH208775.06FU"
"ASV4216","Fungi","Chytridiomycota","","","","",""
"ASV4256","Fungi","Ascomycota","Orbiliomycetes","Orbiliales","Orbiliaceae","Arthrobotrys",""
"ASV4281","Fungi","Basidiomycota","Agaricomycetes","Polyporales","Polyporaceae","Fomes","Fomes fasciatus"
"ASV4300","Fungi","Basidiomycota","Microbotryomycetes","Microbotryales","Microbotryaceae","Sphacelotheca","Sporisorium reilianum"
"ASV4318","Fungi","Ascomycota","Orbiliomycetes","Orbiliomycetes_unidentified","Orbiliomycetes_unidentified_1","Orbiliomycetes_unidentified_1","Orbiliomycetes_sp|SH234045.06FU"
"ASV4339","Fungi","Chytridiomycota","","","","",""
"ASV4399","Fungi","Chytridiomycota","","","","",""
"ASV4400","Fungi","Fungi_unidentified","Fungi_unidentified_1","Fungi_unidentified_1","Fungi_unidentified_1_1","Fungi_unidentified_1_1","Fungi_sp|SH239608.06FU"
"ASV4412","Fungi","","","","","",""
"ASV4561","Fungi","Basidiomycota","Agaricomycetes","Thelephorales","Thelephoraceae","Tomentella",""
"ASV4586","Fungi","","","","","",""
"ASV4596","Fungi","","","","","",""
"ASV4641","Fungi","Ascomycota","","","","",""
"ASV4661","Fungi","","","","","",""
"ASV4713","Fungi","Chytridiomycota","","","","",""
"ASV4747","Fungi","Chytridiomycota","Chytridiomycetes","Spizellomycetales","Spizellomycetaceae","",""
"ASV4769","Fungi","Ascomycota","Sordariomycetes","","","",""
"ASV4805","Fungi","Ascomycota","","","","",""
"ASV4814","Fungi","","","","","",""
"ASV4844","Fungi","","","","","",""
"ASV4890","Fungi","Ascomycota","Sordariomycetes","Sordariales","","",""
"ASV4912","Fungi","Ascomycota","","","","",""
"ASV4927","Fungi","","","","","",""
"ASV5011","Fungi","Basidiomycota","Cystobasidiomycetes","Erythrobasidiales","Erythrobasidiales_Incertae sedis","Erythrobasidium","Sporobolomyces yunnanensis"
"ASV5049","Fungi","Ascomycota","Saccharomycetes","Saccharomycetales","Saccharomycetales_Incertae sedis","Candida","Candida parapsilosis"
"ASV5117","Fungi","","","","","",""
"ASV5192","Fungi","Basidiomycota","Agaricomycetes","Agaricales","","",""
"ASV5229","Fungi","Basidiomycota","Agaricomycetes","Russulales","Peniophoraceae","Peniophora","Peniophora incarnata"
"ASV5230","Fungi","Basidiomycota","Agaricomycetes","Auriculariales","","",""
"ASV5298","Fungi","","","","","",""
"ASV5367","Fungi","Ascomycota","Eurotiomycetes","Chaetothyriales","Herpotrichiellaceae","Phaeomoniella","Phaeomoniella sp HBL2005a"
"ASV5435","Fungi","Ascomycota","","","","",""
"ASV5445","Fungi","","","","","",""
"ASV5467","Fungi","","","","","",""
"ASV5477","Fungi","Ascomycota","Dothideomycetes","Pleosporales","Dothideomycetes_unidentified_1","Dothideomycetes_unidentified_1","Dothideomycetes_sp|SH217123.06FU"
"ASV5488","Fungi","","","","","",""
"ASV5499","Fungi","Chytridiomycota","","","","",""
"ASV5516","Fungi","Ascomycota","Orbiliomycetes","Orbiliomycetes_unidentified","Orbiliomycetes_unidentified_1","Orbiliomycetes_unidentified_1","Orbiliomycetes_sp|SH234045.06FU"
"ASV5577","Fungi","Ascomycota","Sordariomycetes","Hypocreales","Ascomycota_unidentified_1","Ascomycota_unidentified_1_1","Ascomycota_sp|SH211028.06FU"
"ASV5590","Fungi","Ascomycota","Lecanoromycetes","Teloschistales","Teloschistaceae","Xanthomendoza","Xanthomendoza weberi"
"ASV5634","Fungi","Ascomycota","Dothideomycetes","","","",""
"ASV5661","Fungi","Ascomycota","Sordariomycetes","","","",""
"ASV5675","Fungi","","","","","",""
"ASV5721","Fungi","Ascomycota","","","","",""
"ASV5768","Fungi","Ascomycota","","","","",""
"ASV5779","Fungi","Basidiomycota","Agaricomycetes","Russulales","Peniophoraceae","Peniophora","Peniophoraceae_sp|SH234601.06FU"
"ASV5808","Fungi","Ascomycota","Eurotiomycetes","Eurotiales","Trichocomaceae","Paecilomyces","Paecilomyces carneus"
"ASV5911","Fungi","","","","","",""
"ASV5933","Fungi","","","","","",""
"ASV5946","Fungi","","","","","",""
"ASV5973","Fungi","Chytridiomycota","","","","",""
"ASV5981","Fungi","Basidiomycota","Agaricomycetes","","","",""
"ASV5994","Fungi","Ascomycota","Orbiliomycetes","Orbiliomycetes_unidentified","Orbiliomycetes_unidentified_1","Orbiliomycetes_unidentified_1","Orbiliomycetes_sp|SH234045.06FU"
"ASV6003","Fungi","","","","","",""
"ASV6004","Fungi","","","","","",""
"ASV6006","Fungi","Fungi_unidentified","Fungi_unidentified_1","Fungi_unidentified_1","Fungi_unidentified_1_1","Fungi_unidentified_1_1","Fungi_sp|SH239608.06FU"
"ASV6008","Fungi","","","","","",""
"ASV6011","Fungi","","","","","",""
"ASV6014","Fungi","","","","","",""
"ASV6015","Fungi","","","","","",""
"ASV6016","Fungi","","","","","",""
"ASV6021","Fungi","","","","","",""
"ASV6022","Fungi","Ascomycota","","","","",""
"ASV6024","Fungi","Basidiomycota","Tremellomycetes","Tremellales","Tremellaceae","Cryptococcus","Cryptococcus paraflavus"
"ASV6025","Fungi","Basidiomycota","Agaricomycetes","Agaricales","Psathyrellaceae","Parasola",""
"ASV6030","Fungi","","","","","",""
"ASV6031","Fungi","Ascomycota","Pezizomycetes","Pezizales","Pyronemataceae","Pyronema","Pyronema domesticum"
"ASV6032","Fungi","Ascomycota","","","","",""
"ASV6034","Fungi","Basidiomycota","Agaricomycetes","Cantharellales","Ceratobasidiaceae","Ceratobasidium","Ceratobasidiaceae_sp|SH200581.06FU"
"ASV6037","Fungi","Ascomycota","Fungi_unidentified_1","Fungi_unidentified_1","Fungi_unidentified_1_1","Fungi_unidentified_1_1","Fungi_sp|SH241790.06FU"
"ASV6039","Fungi","","","","","",""
"ASV6044","Fungi","Ascomycota","Lecanoromycetes","","","",""
"ASV6049","Fungi","Basidiomycota","Tremellomycetes","Tremellales","","",""
"ASV6052","Fungi","Chytridiomycota","","","","",""
"ASV6061","Fungi","Fungi_unidentified","Fungi_unidentified_1","Fungi_unidentified_1","Fungi_unidentified_1_1","Fungi_unidentified_1_1","Fungi_sp|SH239973.06FU"
"ASV6062","Fungi","","","","","",""
"ASV6064","Fungi","","","","","",""
"ASV6068","Fungi","Ascomycota","","","","",""
"ASV6079","Fungi","","","","","",""
"ASV6081","Fungi","","","","","",""
"ASV6082","Fungi","Ascomycota","","","","",""
"ASV6086","Fungi","","","","","",""
"ASV6087","Fungi","Chytridiomycota","Chytridiomycota_unidentified","Chytridiomycota_unidentified_1","Chytridiomycota_unidentified_1","Chytridiomycota_unidentified_1_1",""
"ASV6090","Fungi","","","","","",""
"ASV6096","Fungi","Chytridiomycota","","","","",""
"ASV6099","Fungi","Ascomycota","","","","",""
"ASV6101","Fungi","Ascomycota","Dothideomycetes","Pleosporales","Pleosporales_unidentified","Pleosporales_unidentified_1","Pleosporales_sp|SH231992.06FU"
"ASV6111","Fungi","Chytridiomycota","Chytridiomycetes","Olpidiales","Olpidiaceae","Olpidium","Olpidium_brassicae|SH214989.06FU"
"ASV6112","Fungi","Basidiomycota","Agaricomycetes","Agaricales","Entolomataceae","Clitopilus","Clitopilus_sp|SH205036.06FU"
"ASV6113","Fungi","","","","","",""
"ASV6119","Fungi","Chytridiomycota","Chytridiomycetes","Spizellomycetales","Spizellomycetaceae","Spizellomyces",""
"ASV6121","Fungi","Basidiomycota","Agaricomycetes","Polyporales","Polyporaceae","Polyporus","Polyporus arcularius"
"ASV6122","Fungi","","","","","",""
"ASV6123","Fungi","Basidiomycota","Agaricomycetes","Polyporales","Phanerochaetaceae","Phanerochaete","Phanerochaete_sp|SH202349.06FU"
"ASV6124","Fungi","Basidiomycota","Agaricomycetes","Polyporales","Polyporaceae","Polyporus","Polyporus arcularius"
"ASV6125","Fungi","","","","","",""
"ASV6128","Fungi","Basidiomycota","Tremellomycetes","Tremellales","Incertae_sedis_12","Cryptococcus_1","Cryptococcus_aff_taibaiensis_IMUFRJ_51982|SH198061.06FU"
"ASV6129","Fungi","Basidiomycota","Wallemiomycetes","Wallemiales","Wallemiaceae","Wallemia","Wallemia sebi"
"ASV6130","Fungi","Zygomycota","Mucoromycotina_Incertae sedis","Mortierellales","Mortierellaceae","Mortierella",""
"ASV6131","Fungi","Ascomycota","","","","",""
"ASV6133","Fungi","Basidiomycota","Agaricomycetes","","","",""
"ASV6137","Fungi","","","","","",""
"ASV6141","Fungi","Ascomycota","Sordariomycetes","Sordariales","Lasiosphaeriaceae","Podospora","Podospora intestinacea"
"ASV6143","Fungi","","","","","",""
"ASV6145","Fungi","Ascomycota","Dothideomycetes","Pleosporales","Sporormiaceae","Preussia",""
"ASV6147","Fungi","Chytridiomycota","Chytridiomycetes","Spizellomycetales","Spizellomycetaceae","Powellomyces","Powellomyces_sp_EA|SH206807.06FU"
"ASV6150","Fungi","","","","","",""
"ASV6152","Fungi","Basidiomycota","Ustilaginomycotina_Incertae sedis","Malasseziales","Malasseziales_Incertae sedis","Malassezia","Malassezia globosa"
"ASV6154","Fungi","Basidiomycota","Agaricomycetes","Polyporales","Phanerochaetaceae","Polyporales_unidentified_1","Polyporales_sp|SH214762.06FU"
"ASV6156","Fungi","Ascomycota","Pezizomycotina_Incertae sedis","Pezizomycotina_Incertae sedis","Pezizomycotina_Incertae sedis","Torula","Torula caligans"
"ASV6158","Fungi","","","","","",""
"ASV6159","Fungi","","","","","",""
"ASV6160","Fungi","Ascomycota","","","","",""
"ASV6163","Fungi","Basidiomycota","Agaricomycetes","Polyporales","Polyporaceae","Fomes","Fomes fasciatus"
"ASV6169","Fungi","Basidiomycota","Agaricomycetes","Cantharellales","Clavulinaceae","Clavulina",""
"ASV6171","Fungi","","","","","",""
"ASV6183","Fungi","Basidiomycota","Ustilaginomycetes","Ustilaginales","Ustilaginaceae","",""
"ASV6186","Fungi","Ascomycota","Dothideomycetes","Pleosporales","Lophiostomataceae","Lophiostoma","Lophiostoma_sp|SH217127.06FU"
"ASV6188","Fungi","Ascomycota","Dothideomycetes","Dothideomycetes_unidentified","Dothideomycetes_unidentified_1","Dothideomycetes_unidentified_1",""
"ASV6191","Fungi","Ascomycota","","","","",""
"ASV6193","Fungi","Ascomycota","Dothideomycetes","Pleosporales","","",""
"ASV6197","Fungi","Ascomycota","","","","",""
"ASV6199","Fungi","","","","","",""
"ASV6200","Fungi","","","","","",""
"ASV6203","Fungi","","","","","",""
"ASV6205","Fungi","","","","","",""
"ASV6209","Fungi","","","","","",""
"ASV6210","Fungi","Basidiomycota","Agaricomycetes","Boletales","Sclerodermataceae","Astraeus","Astraeus pteridis"
"ASV6213","Fungi","Ascomycota","Sordariomycetes","","","",""
"ASV6214","Fungi","","","","","",""
"ASV6219","Fungi","","","","","",""
"ASV6220","Fungi","Zygomycota","Mucoromycotina_Incertae sedis","Mortierellales","Mortierellaceae","Mortierella",""
"ASV6227","Fungi","","","","","",""
"ASV6228","Fungi","Ascomycota","Orbiliomycetes","","","",""
"ASV6230","Fungi","","","","","",""
"ASV6231","Fungi","","","","","",""
"ASV6234","Fungi","Basidiomycota","Agaricomycetes","Agaricales","Pluteaceae","Pluteus","Pluteus longistriatus"
"ASV6239","Fungi","","","","","",""
"ASV6242","Fungi","Basidiomycota","Agaricomycetes","","","",""
"ASV6246","Fungi","Ascomycota","Pezizomycotina_Incertae sedis","Pezizomycotina_Incertae sedis","Pezizomycotina_Incertae sedis","Ochroconis","Ochroconis sp KL_2011b"
"ASV6247","Fungi","","","","","",""
"ASV6250","Fungi","","","","","",""
"ASV6251","Fungi","Basidiomycota","Agaricomycetes","Geastrales","Geastraceae","Geastrum",""
"ASV6252","Fungi","","","","","",""
"ASV6253","Fungi","Chytridiomycota","","","","",""
"ASV6255","Fungi","","","","","",""
"ASV6257","Fungi","Basidiomycota","Agaricomycetes","","","",""
"ASV6258","Fungi","Basidiomycota","","","","",""
"ASV6265","Fungi","Chytridiomycota","","","","",""
"ASV6266","Fungi","","","","","",""
"ASV6269","Fungi","","","","","",""
"ASV6270","Fungi","","","","","",""
"ASV6271","Fungi","","","","","",""
"ASV6272","Fungi","","","","","",""
"ASV6273","Fungi","","","","","",""
"ASV6276","Fungi","","","","","",""
"ASV6280","Fungi","Chytridiomycota","","","","",""
"ASV6282","Fungi","","","","","",""
"ASV6283","Fungi","","","","","",""
"ASV6286","Fungi","Ascomycota","","","","",""
"ASV6289","Fungi","","","","","",""
"ASV6292","Fungi","Chytridiomycota","Chytridiomycetes","","","",""
"ASV6294","Fungi","","","","","",""
"ASV6296","Fungi","","","","","",""
"ASV6298","Fungi","Fungi_unidentified","Fungi_unidentified_1","Fungi_unidentified_1","Fungi_unidentified_1_1","Fungi_unidentified_1_1","Fungi_sp|SH239595.06FU"
"ASV6300","Fungi","","","","","",""
"ASV6301","Fungi","Ascomycota","","","","",""
"ASV6302","Fungi","","","","","",""
"ASV6306","Fungi","Ascomycota","Dothideomycetes","Pleosporales","","",""
"ASV6309","Fungi","","","","","",""
"ASV6314","Fungi","","","","","",""
"ASV6316","Fungi","Ascomycota","Fungi_unidentified_1","Fungi_unidentified_1","Fungi_unidentified_1_1","Fungi_unidentified_1_1","Fungi_sp|SH213995.06FU"
"ASV6323","Fungi","","","","","",""
"ASV6334","Fungi","","","","","",""
"ASV6337","Fungi","Ascomycota","Saccharomycetes","Saccharomycetales","Lipomycetaceae","Lipomyces",""
"ASV6342","Fungi","","","","","",""
"ASV6344","Fungi","","","","","",""
"ASV6345","Fungi","","","","","",""
"ASV6346","Fungi","Ascomycota","Sordariomycetes","Xylariales","Amphisphaeriaceae","Amphisphaeriaceae_unidentified",""
"ASV6349","Fungi","","","","","",""
